Routing Tracker #,Doc Tracer #,Equipment/Product,Category,IL-Tag,Status,Sent/Routing To,Email,Date Sent,Report/Protocol,Batch No.,Client Name,Department,Prepared By,Date Prepared,Checked By,Date Checked,Target Completion Date,Remarks,Created At,Updated At,Updated By,Signatories,Total Routing Duration,Routing Completed At
API8,VMP-MM-11-000-008E-1,Betadine 7.5% Feminine Wash (BFW),Process,NA,Routing,Ernz,NA,2026-06-17,Endorsement,26BFW-19,iNova Pharmaceuticals Philippines,TOP,CML,2026-04-22,SBA,2026-05-22,2026-05-15,Enz for implementation,2026-05-02 0:00:00,6/16/2026 17:39:54,Unknown user,"[{""Name"":""Ernz"",""Order"":1,""Status"":""Active"",""Date/time forwarded"":""2026-06-16 17:39:00"",""Date/time signed"":"""",""Duration pending/signing time"":""""}]",,
D9RO,VMP-MM-02-000-075R-12,Clusivol Syrup,Process,NA,Sent,Isaiah,,2026-04-29,Report,"2025CSY-1, 2025CSY-2, 2025CSY-3",Haleon,LPM,ADF,2026-04-22,CML,2026-04-22,2026-09-30,for client approval,2026-05-02,6/2/2026 6:57:53,Unknown user,,,
B7H7,VMP-MM-00-000-076P-4,Elica 1mg per g Cream (EAM),Process,,Sent,Rev,,2026-05-11,Protocol,,"Bayer Philippines, Inc. – Pharma Division",CO,ADF,2026-04-27,CML,2026-04-27,2026-05-08,For sending to client,2026-05-02,5/14/2026 6:24:47,Unknown user,,,
L7XO,VMP-MM-01-000-289P,Calci-Aid 500 mg Softgel Capsule  (CAID),Process,n/a,In EDMS,Isaiah,,2026-06-03,Protocol,,"Bayer Philippines, Inc. – Pharma Division",SG,ADF,2026-04-27,CML,2026-04-27,2026-06-02,"Sent to Rev for client approval, c/o Carl",2026-05-02 0:00:00,6/4/2026 13:48:50,carlolidres@gmail.com,"[{""Name"":""Client"",""Order"":1,""Status"":""Active"",""Date/time forwarded"":""2026-06-03 08:30:00"",""Date/time signed"":"""",""Duration pending/signing time"":""""}]",,
X4Q9,VMP-MM-01-000-185R-3,Ponstan 250mg Capsule (PTNP),Process,NA,Sent,Icel,,28 Apr 2026,Charac. Report,"25PTNP1T1,25PTNP1T2,25PTNP1T3",Pfizer Inc.,DPM,NIV,6 Apr 2026,SBA,6 Apr 2026,2026-05-30,,5/2/2026 19:45:00,5/2/2026 19:45:00,carlolidres@gmail.com,,,
K2L7,VMP-MM-01-000-270P-2,Aspirin 80mg Enteric Coated Tablet (ASEC),Process,NA,In EDMS,Isaiah,,1 Jun 2026,Ver. Protocol,NA,Interphil Laboratories Inc.,DPM,ADF,13 Apr 2026,SBA,13 Apr 2026,2026-05-30,"corrected, inserted the RnD coating pan in the protocol",2026-05-02,6/1/2026 8:30:51,Unknown user,,,
M8ZT,VMP-MM-01-000-195P-8,Cetirizine HCl 10 mg Film-Coated Tablet (CTZA),Process,NA,In EDMS,Isaiah,,8 May 2026,Ver. Protocol,NA,Interphil Laboratories Inc.,DPM,ADF,17 Apr 2026,CML,17 Apr 2026,2026-05-30,,2026-05-02,5/8/2026 15:27:55,Unknown user,,,
P9WA,VMP-MM-01-000-151R-5,Ciprofloxacin 500mg Film-Coated Tablet (CIRT),Process,NA,In EDMS,Isaiah,,22 May 2026,Ver. Report,NA,Interphil Laboratories Inc.,DPM,ADF,15 May 2026,CML,15 May 2026,2026-05-30,For client signature,2026-05-02,5/22/2026 15:39:17,Unknown user,,,
R3VX,VMP-MM-01-000-031E-6,Tempra 325 mg Tablet (TPTL),Process,NA,In EDMS,Isaiah,,11 May 2026,Verif. Endorsement Report,2025TPTL-181,NA,DPM,NIV,24 Mar 2026,SBA,24 Mar 2026,2026-05-30,,2026-05-02,5/11/2026 16:35:42,Unknown user,,,
T7CN,VMP-MM-01-000-193E-1,Mosegor Vita Capsule (MVC),Process,NA,Completed,Isaiah,,5 Jun 2026,Charac. Endorsement,2024MVC-9,NA,DPM,ADF,18 Mar 2026,CML,18 Mar 2026,2026-05-30,n/a,2026-05-02 0:00:00,6/9/2026 15:42:09,carlolidres@gmail.com,"[{""Name"":""Ernz"",""Order"":1,""Status"":""Signed"",""Date/time forwarded"":""2026-06-05 08:26:23"",""Date/time signed"":""2026-06-05 08:26:45"",""Duration pending/signing time"":""0 mins""}]",0 mins,2026-06-05 8:26:45
Z5HJ,VMP-MM-01-000-013E-6,Tempra Forte 500 mg Tablet (TPFT),Process,NA,In EDMS,Isaiah,,29 May 2026,Ver. Endorsement,2025TPFT-511,NA,DPM,NIV,26 Feb 2026,SBA,26 Feb 2026,2026-05-30,,2026-05-02,5/29/2026 7:31:18,Unknown user,,,
Q8MF,VMP-MM-11-000-008E,Betadine 7.5% Feminine Wash (BFW),Process,NA,Sent,Ernz,,26 Feb 2026,Ver. Endorsement,25BFW-39A,NA,TOP,NIV,26 Feb 2026,SBA,26 Feb 2026,2026-05-30,,2026-05-02,5/15/2026 7:42:38,Unknown user,,,
U2KP,VMP-MM-01-000-288E-1,Rogin-E Softgel Capsule (REC),Process,NA,Completed,,,8 Apr 2026,Endorsement,"33841-01IL, 34140-01IL, and 34158-01IL",NA,DPP,NIV,26 Feb 2026,SBA,26 Feb 2026,2026-05-30,n/a,5/2/2026 19:44:59,6/8/2026 8:43:20,carlolidres@gmail.com,"[{""Name"":""Carl"",""Order"":1,""Status"":""Signed"",""Date/time forwarded"":""2026-06-05 08:04:59"",""Date/time signed"":""2026-06-08 08:43:19"",""Duration pending/signing time"":""3 days 38 mins""}]",3 days 38 mins,2026-06-08 8:43:19
N6RD,VMP-MM-02-000-142P-3,Valbazen 11.25% Suspension (VEN) ,Process,N/A,Sent,Client,,11 May 2026,Val. Protocol,N/A,"Zoetis Philippines, Inc.",LPM,ADF,30 Apr 2026,LAL,30 Apr 2026,2026-05-05,sent to client c/o Carl 11 May 2026,2026-05-02,5/11/2026 9:28:25,Unknown user,,,
Y4BG,VMP-FA-04-018-020/26,Manager's Room Annual Thermal Mapping,Non-Process,N/A,For Scanning,Riza,,21 May 2026,USV Endorsement,,,QC Plant1,NIV,24 Mar 2026,SBA,24 Mar 2026,2026-05-30,,2026-05-02,5/21/2026 7:21:48,Unknown user,,,
H9SX,VMP-EQ-01-000-043R-3,Manesty D3B Tabletting Machine,Non-Process,IL-0039,For Scanning,Riza,,22 May 2026,Report,,,Dry,NIV,24 Jul 2024,SBA,25 Jul 2024,2026-05-30,,2026-05-02,5/22/2026 9:14:28,Unknown user,,,
C7LU,VMP-FA-04-018-001/26,Controlled Room Thermal Mapping,Non-Process,NA,Completed,Riza,,16 Jun 2026,USV Endorsement,,,WH Plant 1,RDM,22 Apr 2026,SBA,23 Apr 2026,2026-05-30,n/a,2026-05-02 0:00:00,6/16/2026 15:20:21,Unknown user,"[{""Name"":""Riza"",""Order"":1,""Status"":""Active"",""Date/time forwarded"":""2026-06-16 15:20:00"",""Date/time signed"":"""",""Duration pending/signing time"":""""}]",,
W3EZ,VMP-FA-04-018-008/26,Raw Materials for weighing and Raw Materials Staging Area Thermal Mapping,Non-Process,NA,For Scanning,Riza,,22 May 2026,USV Endorsement,,,Disp,RDM,4 Apr 2026,SBA,6 Apr 2026,2026-05-30,n/a,2026-05-02 0:00:00,6/8/2026 15:12:31,Unknown user,"[{""Name"":""Riza"",""Order"":1,""Status"":""Active"",""Date/time forwarded"":""2026-06-08 15:12:00"",""Date/time signed"":"""",""Duration pending/signing time"":""""}]",,
F8TJ,VMP-ST Rev No. 23,Site Validation Master Plan,Others,NA,In EDMS,Isaiah,,2026-05-07,Others,NA,NA,Other,CML,2026-03-30,SBA,2026-03-30,2026-05-30,For Scanning to eDMS,2026-05-02,5/7/2026,Unknown user,,,
J5NA,VMP-MM-02-000-117P-11,Robitussin DM 15 mg/100 mg per 5 mL Syrup (RDMS),Process,N/A,In EDMS,Isaiah,,18 May 2026,Ver. Protocol,N/A,Haleon,LPM,ADF,30 Apr 2026,CML,30 Apr 2026,2026-05-30,,2026-05-02,5/18/2026 9:20:03,Unknown user,,,
6VOD,VMP-MM-01-000-301P.1,Rosuvastatin 20mg FC Tablet,Process,NA,In EDMS,Isaiah,,2026-05-04,Val. Protocol,NA,Interphil Laboratories Inc.,DPM,ADF,2026-04-17,CML,2026-05-17,,Done,5/4/2026 7:28:00,5/4/2026 7:28:00,Unknown user,,,
4LVO,APR-2026-030,Benadryl AH 25mg Capsule,APR,NA,In EDMS,Timi,,2026-05-04,APR,,"JNTL Consumer Health (Philippines), Inc.",,FBP & LAL,2026-04-30,CML,2026-04-30,2026-05-04,c/o Timi for safekeeping,2026-05-04,5/7/2026 11:04:46,Unknown user,,,
UHHT,APR-2026-003,Omnicef Powder for Oral Suspension,APR,,In EDMS,Timi,,2026-05-05,APR,,Pfizer Inc.,,FBP,2026-05-04,CML,2026-05-04,,c/o Timi for Safekeeping,2026-05-04,5/7/2026 11:07:43,Unknown user,,,
1I2F,VMP-MM-02-000-103P-9,Cetirizine Hydrochloride 5mg/5mL Syrup (AXLS),Process,,In EDMS,Isaiah,,2026-05-14,Ver. Protocol,N/A,NA,LPP,ADF,2026-05-04,CML,2026-05-04,2026-05-18,,2026-05-04,5/14/2026 6:20:46,Unknown user,,,
W5L3,APR-2026-016,Ponstan SF 250 Capsule,APR,NA,In EDMS,Timi,,2026-05-05,APR,NA,Pfizer Inc.,DPM,LAL,2026-04-30,CML,2026-04-30,2026-05-08,forwarded to Timi for safekeeping,2026-05-04,5/7/2026 11:09:00,Unknown user,,,
HL6D,APR-2025-115,Iselpin 1g Tablet,APR,,Sent,Client,,2026-05-07,APR,,Pfizer Inc.,,FBP,2026-05-05,CML,2026-05-05,,c/o Timi for safekeeping,2026-05-05,5/7/2026 9:52:30,Unknown user,,,
BQKF,VMP-MM-01-000-195R-7,Cetirizine HCl 10 mg Film-Coated Tablet (CTZA) ,Process,,In EDMS,Isaiah,,2026-05-21,Ver. Report,2026CTZA-4,NA,DPM,ADF,2026-05-05,CML,2026-05-05,,,2026-05-05,5/21/2026 7:06:30,Unknown user,,,
J8PF,VMP-MM-01-000-138R-6,Amlodipine Besilate 10mg Tablet (ABES),Process,,In EDMS,Isaiah,,2026-05-21,Ver. Report,2025ABES-4,,DPM,CML,2026-05-07,SBA,2026-05-07,,Corrected page 3 as per Ma'am Fong's comment,2026-05-07,5/21/2026 8:01:35,Unknown user,,,
VAP0,VMP-MM-02-000-092P-6,Combantrin 125 mg/5 mL Suspension (COMB),Process,n/a,In EDMS,Isaiah,,2026-05-29,Ver. Protocol,NA,"JNTL Consumer Health (Philippines), Inc.",LPP,ADF,2026-05-07,CML,2026-05-07,2026-05-28,n/a,2026-05-07 0:00:00,6/8/2026 10:35:07,carlolidres@gmail.com,[],,
6KXH,VMP-MM-01-000-199R-1,Isordil Oral 10mg Tablet (ILT10) ,Process,NA,Sent,Client,,2026-05-07,Char. Report,2025ILT10-1,Pfizer Inc.,DPM,NIV,2025-05-04,CML,2025-05-04,2026-05-15,"Follow-up email sent to Kumar 07May2026 c/o Carl cc: Icel, Anissa, and Angela",2026-05-07,5/7/2026 15:45:44,Unknown user,,,
7BGE,VMP-MM-01-000-189R-6,Ponstan SF 500mg Capsule (PNSC),Process,n/a,Sent,Client,,2026-06-16,Char. Report,"25PNSC-15T, 25PNSC16T, and 25PNSC16T",Pfizer Inc.,DPM,CML,2026-05-07,SBA,2026-05-07,,Sent to Client for approval c/o Carl,2026-05-07 0:00:00,6/16/2026 7:15:07,carlolidres@gmail.com,[],,
94YK,VMP-MM-01-000-286I-1 (1),Dilzem 60mg Tablet (DLZ),Process,NA,Sent,Client,,2026-05-07,Interim Report,"2025DLZ-1, 2025DLZ-2",Pfizer Inc.,DPM,NIV,2025-09-05,CML,2025-09-05,2026-05-15,"Follow-up email sent to Kumar 07May2026 c/o Carl cc: Icel, Anissa, and Angela",2026-05-07,5/7/2026 15:46:08,Unknown user,,,
D0E4,VMP-MM-01-000-285I-1 (1),Dilzem 30mg Tablet (DZM),Process,NA,Sent,Client,,2026-05-07,Interim Report,"2025DZM-1, 2025DZM-2",Pfizer Inc.,DPM,NIV,2025-09-03,CML,2025-09-03,,"Follow-up email sent to Kumar 07May2026 c/o Carl cc: Icel, Anissa, and Angela",2026-05-07,5/7/2026 15:45:19,Unknown user,,,
6XDK,VMP-MM-02-000-103R-6.1,Cetirizine Hydrochloride  5mg/5mL Syrup,Process,NA,In EDMS,Isaiah,,2026-05-22,Ver. Report,,NA,LPP,CML,2026-05-08,,,2026-04-08,for filing,2026-05-08,5/22/2026 8:20:50,Unknown user,,,
PIU9,ER-SYS-04-018-002/26,General Warehouse (RM and PM-FG Area) Thermal Mapping,Non-process,n/a,Completed,Riza,,2026-06-16,Endorsement,,,WH Plant 1,RDM,2026-04-30,CML,2026-04-30,2026-05-30,n/a,2026-05-11 0:00:00,6/16/2026 15:21:48,Unknown user,"[{""Name"":""Othy"",""Order"":1,""Status"":""Active"",""Date/time forwarded"":""2026-06-16 09:57:00"",""Date/time signed"":"""",""Duration pending/signing time"":""""}]",,
RZU2,SMF-005 Rev. 15, Site Master File Drug Manufacturer ,Others,,In EDMS,Carl,,2026-06-01,Report,,,,CML,2026-04-28,,,,,2026-05-12,6/1/2026 14:08:55,carlolidres@gmail.com,,,
H79K,VMP-MM-01-000-179P-5,Clopidogrel 75 mg Film-Coated Tablet (CLPD),Process,,In EDMS,Isaiah,,2026-05-21,Ver. Protocol,N/A,NA,DPM,ADF,2026-05-12,CML,2026-05-12,2026-06-01,,2026-05-12,5/21/2026 7:38:42,Unknown user,,,
Z961,VMP-MM-00-000-051P-9,Hydrocortisone 10 mg/g (1%) Emollient Cream (INFC),Process,n/a,Routing,Fong,,2026-06-10,Val. Protocol,N/A,NA,CO,ADF,2026-05-12,CML,2026-05-12,,"awaiting response from Sir Jon, follow-up email sent 08 June 2026.",2026-05-12 0:00:00,6/10/2026 8:24:50,Unknown user,"[{""Name"":""Fong"",""Order"":1,""Status"":""Active"",""Date/time forwarded"":""2026-06-10 08:24:00"",""Date/time signed"":"""",""Duration pending/signing time"":""""}]",,
EIN9,ER-SYS-04-018-003/26,Small Quantity Pakaging Materials Storage Area Thermal Mapping,Non-process,n/a,Completed,Riza,,2026-06-16,USV Endorsement,,,WH Plant 1,RDM,2026-05-12,CML,2026-05-12,,n/a,2026-05-12 0:00:00,6/16/2026 15:22:37,Unknown user,"[{""Name"":""Riza"",""Order"":1,""Status"":""Active"",""Date/time forwarded"":""2026-06-16 15:22:00"",""Date/time signed"":"""",""Duration pending/signing time"":""""}]",,
CGBX,ER-SYS-04-018-004/26,General Warehouse (FD-FC Area) Thermal Mapping,Non-process,n/a,Completed,Riza,,2026-06-16,USV Endorsement,,,WH Plant 1,RDM,2026-05-12,CML,2026-05-12,2026-05-19,n/a,2026-05-12 0:00:00,6/16/2026 15:26:00,Unknown user,"[{""Name"":""Riza"",""Order"":1,""Status"":""Active"",""Date/time forwarded"":""2026-06-16 15:25:00"",""Date/time signed"":"""",""Duration pending/signing time"":""""}]",,
OXHF,VMP-MM-00-000-085R.3,Daktarin 20mg/g Oral Gel (Reformulated) (DKGC),Process,,In EDMS,Isaiah,,2026-05-21,Char. Report,2026DKGC-2,"JNTL Consumer Health (Philippines), Inc.",CO,ADF,2026-05-13,CML,2026-05-13,2026-06-01,signed,2026-05-13,5/21/2026 16:34:22,Unknown user,,,
EMRA,N/A,Supraneuron Film-Coated Tablet,Process,,In EDMS,Isaiah,,2026-05-22,Others,2026SPRN-1,"Bayer Philippines, Inc. – Pharma Division",DPM,ADF & CML,2026-05-13,CML,2026-05-13,2026-05-15,Investigation Report,2026-05-13,5/22/2026 15:18:24,Unknown user,,,
M3VB,CMP-CM-01-000-067E,Cleaning Parameters (DPM),Non-process,n/a,Routing,Anissa,,,Endorsement,,,DPM,LAL,2026-05-14,SBA,2026-05-14,,n/a,2026-05-13 0:00:00,6/5/2026 7:19:22,Unknown user,"[{""Name"":""Anissa"",""Order"":1,""Status"":""Active"",""Date/time forwarded"":""2026-06-05 07:19:21"",""Date/time signed"":"""",""Duration pending/signing time"":""""}]",,
BFXZ,VMP-CM-01-000-067E-1,Cleaning Parameters (DPP),Non-process,n/a,Routing,Anissa,,,Endorsement,,,DPP,LAL,2026-05-14,SBA,2026-05-14,,n/a,2026-05-13 0:00:00,6/5/2026 7:18:49,Unknown user,"[{""Name"":""Anissa"",""Order"":1,""Status"":""Active"",""Date/time forwarded"":""2026-06-05 07:18:48"",""Date/time signed"":"""",""Duration pending/signing time"":""""}]",,
N41J,VMP-MM-11-000-002R-1,Betadine 7.5% Skin Cleanser (BSC),Process,,In EDMS,Isaiah,,2026-05-18,Ver. Report,26BSC-31,iNova Pharmaceuticals Philippines,TOP,ADF & CML,2026-05-14,SBA,2026-05-14,,Hardcopy last with sir Jon,2026-05-14,5/18/2026 9:22:30,Unknown user,,,
31TJ,VMP-MM-01-000-264P-3,Imodium 2mg Capsule (IMC),Process,,In EDMS,Isaiah,,2026-05-29,Ver. Protocol,,"JNTL Consumer Health (Philippines), Inc.",DPM,ADF & CML,2026-05-14,SBA,2026-05-14,,"Sent to Hannah, for client approval.",2026-05-14,6/2/2026 7:02:29,Unknown user,,,
1RZH,VMP-MM-01-000-300P-4,Supraneuron Film-Coated Tablet (SPRN),Process,,Cancelled,Iya,,2026-05-14,Char. Protocol,NA,"Bayer Philippines, Inc. – Consumer Care Division",DPM,ADF,2026-05-14,CML,2026-05-14,2026-05-22,"sent to Iya for client review, draft sent by Angela. This is (VMP-MM-01-000-300P.4)",2026-05-14,5/22/2026 7:34:13,Unknown user,,,
QWNN,VMP-MM-01-000-135R-5.1,Calsan 500mg Chewable Tablet (CAL),Process,NA,In EDMS,Isaiah,,2026-05-26,Val. Report,"2024CAL-5, 2024CAL-6, 2024CAL-7",Sandoz Philippines Corp.,DPM,CML,2026-05-14,SBA,2026-05-14,2026-05-29,,2026-05-14,5/26/2026 9:24:01,Unknown user,,,
J57D,APR-2026-035,Dilantin 30mg / 5mL Pediatric Suspension (DIPS),APR,,Sent,Client,,2026-05-15,,,"Viatris, Inc.",,LAL,2026-05-14,SBA,2026-05-14,,for approval Nadean Knight,2026-05-14,5/15/2026 13:18:08,Unknown user,,,
8KRA,VMP-MM-02-000-106P-6,Dilantin 125mg/5mL Adult Suspension (DIAS),Process,,Cancelled,Isaiah,,2026-05-19,Ver. Protocol,N/A,NA,LPP,ADF,2026-05-14,CML,2026-05-14,2026-05-29,Stability Only ,2026-05-14,5/26/2026 10:36:07,Unknown user,,,
NTEQ,VMP-MM-11-000-006R-1,Betadine 7.5% Skin Cleanser / Scrub (Reformulated) (BSCS) ,Process,,In EDMS,Isaiah,,2026-05-18,Char. Report," 2026BSCS-1, 2026BSCS-2, 2026BSCS-3",iNova Pharmaceuticals (Singapore) Pte. Ltd.,TOP,ADF,2026-05-14,CML,2026-05-14,2026-05-29,,2026-05-14,6/2/2026 7:03:24,Unknown user,,,
GJXQ,APR-2026-034,Dilantin 125mg / 5mL Adult Suspension,,,Sent,Client,,2026-05-18,,,"Viatris, Inc.",,LAL,2026-05-14,CML,2026-05-14,,sent to client c/o Carl,2026-05-14,5/20/2026 7:10:11,Unknown user,,,
UFG8,APR-2023-119,Iselpin Tablet (INT),APR,n/a,In EDMS,Timi,,2026-05-14,,,Pfizer Inc.,DPM,LAL,2026-05-14,CML,2026-05-14,,n/a,2026-05-14 0:00:00,6/8/2026 16:12:10,carlolidres@gmail.com,"[{""Name"":""Fong"",""Order"":1,""Status"":""Active"",""Date/time forwarded"":""2026-06-08 16:11:00"",""Date/time signed"":"""",""Duration pending/signing time"":""""}]",,
CNSU,Not Applicable,Rosuvastatin 20mg FC Tablet,Process,n/a,In EDMS,Isaiah,,,Investigation Report,,,,ADF,2026-05-14,CML,2026-05-14,,n/a,5/14/2026 13:34:43,6/9/2026 14:45:31,Unknown user,"[{""Name"":""Fong"",""Order"":1,""Status"":""Active"",""Date/time forwarded"":""2026-06-09 14:44:00"",""Date/time signed"":"""",""Duration pending/signing time"":""""}]",,
LRRH,APR-2024-128,Iselpin Tablet,APR,n/a,Completed,Timi,,2026-05-14,Others,,Pfizer Inc.,Other,FBP & CML,2026-05-14,CML,2026-05-14,,n/a,2026-05-14 0:00:00,6/17/2026 8:51:27,Unknown user,"[{""Name"":""Fong"",""Order"":1,""Status"":""Active"",""Date/time forwarded"":""2026-06-08 16:13:00"",""Date/time signed"":"""",""Duration pending/signing time"":""""}]",,
0KGF,APR-2025-098,Dalacin C 75 mg/5 mL Granules For Oral Solution,APR,n/a,Completed,Timi,,2026-05-14,,,Pfizer Inc.,,FBP & CML,2026-05-14,,,,c/o Ma'am Timi,5/14/2026 13:42:20,6/9/2026 15:03:04,Unknown user,"[{""Name"":""Fong"",""Order"":1,""Status"":""Active"",""Date/time forwarded"":""2026-06-09 15:02:00"",""Date/time signed"":"""",""Duration pending/signing time"":""""}]",,
4MJ0,VMP-MM-11-000-007P-4,Betadine 10% Wound Solution (BWS) 60 mL,Process,n/a,In EDMS,Isaiah,,2026-06-15,Ver. Protocol,,iNova Pharmaceuticals Philippines,TOP,ADF,2026-05-18,CML,2026-05-18,,n/a,2026-05-18 0:00:00,6/15/2026 6:43:16,Unknown user,"[{""Name"":""Isaiah"",""Order"":1,""Status"":""Active"",""Date/time forwarded"":""2026-06-15 06:41:00"",""Date/time signed"":"""",""Duration pending/signing time"":""""}]",,
H138,VMP-MM-11-000-007P-5,Betadine 10% Wound Solution (BWS) 120 mL,Process,n/a,In EDMS,Isaiah,,2026-06-15,Ver. Protocol,,iNova Pharmaceuticals Philippines,TOP,ADF,2026-05-18,CML,2026-05-18,,n/a,2026-05-18 0:00:00,6/15/2026 6:43:40,Unknown user,"[{""Name"":""Isaiah"",""Order"":1,""Status"":""Active"",""Date/time forwarded"":""2026-06-15 06:40:44"",""Date/time signed"":"""",""Duration pending/signing time"":""""}]",,
JSGX,VMP-MM-11-000-008P-3,Betadine 7.5% Feminine Wash (BFW) 50 mL,Process,n/a,In EDMS,Isaiah,,2026-06-15,Ver. Protocol,,iNova Pharmaceuticals Philippines,TOP,ADF,2026-05-18,CML,2026-05-18,,n/a,2026-05-18 0:00:00,6/15/2026 6:42:54,Unknown user,"[{""Name"":""Isaiah"",""Order"":1,""Status"":""Active"",""Date/time forwarded"":""2026-06-15 06:42:00"",""Date/time signed"":"""",""Duration pending/signing time"":""""}]",,
X5C2,VMP-MM-11-000-008P-4,Betadine 7.5% Feminine Wash (BFW) 100 mL,Process,n/a,Sent,Client,,2026-06-09,Ver. Protocol,,iNova Pharmaceuticals Philippines,TOP,ADF,2026-05-18,CML,2026-05-18,,Sent to client c/o Carl (09June2026),2026-05-18 0:00:00,6/9/2026 15:54:06,carlolidres@gmail.com,"[{""Name"":""Isaiah"",""Order"":1,""Status"":""Active"",""Date/time forwarded"":""2026-06-08 16:41:00"",""Date/time signed"":"""",""Duration pending/signing time"":""""}]",,
1JWY,VMP-MM-11-000-002P-2,Betadine 7.5% Skin Cleanser (BSC) 60 mL,Process,n/a,Sent,Client,,2026-06-01,Ver. Protocol,,iNova Pharmaceuticals Philippines,TOP,ADF,2026-05-18,CML,2026-05-18,,Sent to client for approval c/o Carl (09June2026),2026-05-18 0:00:00,6/9/2026 16:01:33,carlolidres@gmail.com,"[{""Name"":""Isaiah"",""Order"":1,""Status"":""Active"",""Date/time forwarded"":""2026-06-08 16:42:00"",""Date/time signed"":"""",""Duration pending/signing time"":""""}]",,
ESE5,VMP-MM-11-000-002P-3,Betadine 7.5% Skin Cleanser (BSC) 120 mL,Process,n/a,Sent,Client,,2026-06-09,Ver. Protocol,,iNova Pharmaceuticals Philippines,TOP,ADF,2026-05-18,CML,2026-05-18,,Sent to Client for approval c/o Carl (09 June 2026),2026-05-18 0:00:00,6/9/2026 16:06:28,carlolidres@gmail.com,"[{""Name"":""Isaiah"",""Order"":1,""Status"":""Active"",""Date/time forwarded"":""2026-06-08 16:42:00"",""Date/time signed"":"""",""Duration pending/signing time"":""""}]",,
L4Q4,VMP-MM-00-000-085P-2,Daktarin 20mg/g Oral Gel (Reformulated) (DKGC),Process,,Sent,Client,,2026-05-22,Char. Protocol,,"JNTL Consumer Health (Philippines), Inc.",,CML,2026-05-19,,,,as per update from Mike.,2026-05-19,5/22/2026 15:15:07,Unknown user,,,
8Q9M,VMP-MM-01-000-298P.1,Levetiracetam 500 mg Film-Coated Tablet (LEVT),Process,n/a,In EDMS,Isaiah,,2026-06-15,Val. Protocol,,"The Cathay YSS Distributors Company, Inc.",DPM,ADF & CML,2026-05-20,CML,2026-05-20,2026-05-22,"with Signed copies, for compilation c/o Isaiah 15 June 2026",2026-05-20 0:00:00,6/15/2026 8:21:34,carlolidres@gmail.com,[],,
VWZ3,VMP-MM-00-000-085P-3,Daktarin 20 mg/g Oral Gel (Reformulated) (DKGC) (Gel Base),Process,,Sent,Client,,2026-05-22,Char. Protocol,,"JNTL Consumer Health (Philippines), Inc.",CO,CML,2026-05-19,CML,2026-05-19,2026-05-29,,2026-05-20,5/22/2026 15:15:54,Unknown user,,,
L55V,VMP-MM-01-000-300P.4,Supraneuron Film-Coated Tablet (SPRN) ,Process,n/a,In EDMS,Isaiah,,2026-05-22,Char. Protocol,,"Bayer Philippines, Inc. – Consumer Care Division",DPM,ADF & CML,2026-05-20,CML,2026-05-20,2026-05-22,n/a,2026-05-20 0:00:00,6/8/2026 8:35:14,carlolidres@gmail.com,[],,
XBQU,VMP-MM-01-000-300I (3),Supraneuron Film-Coated Tablet (SPRN) ,Process,n/a,Sent,Client,,2026-06-09,Interim Report,2026SPRN-1,"Bayer Philippines, Inc. – Consumer Care Division",DPM,ADF,2026-05-20,LAL,2026-05-20,2026-05-29,09 Jun 2026 for signature c/o Carl,2026-05-21 0:00:00,6/9/2026 9:31:42,carlolidres@gmail.com,"[{""Name"":""Fong"",""Order"":1,""Status"":""Signed"",""Date/time forwarded"":""2026-06-03 08:24:31"",""Date/time signed"":""2026-06-04 13:12:02"",""Duration pending/signing time"":""1 day 4 hrs""}]",1 day 4 hrs,2026-06-04 13:12:02
KQX3,VMP-MM-01-000-195E-8,Cetirizine HCI 10 mg Film-Coated Tablet (CTZA),Process,n/a,Sent,Ernz,,2026-06-10,Verif. Endorsement Report,2025CTZA-4,,DPM,ADF & CML,2026-06-10,SBA,2026-06-10,,n/a,2026-05-22 0:00:00,6/18/2026 17:18:02,Unknown user,"[{""Name"":""Steve"",""Order"":1,""Status"":""Signed"",""Date/time forwarded"":""2026-06-10 14:45:42"",""Date/time signed"":""2026-06-10 15:11:57"",""Duration pending/signing time"":""26 mins""},{""Name"":""Kitel"",""Order"":2,""Status"":""Signed"",""Date/time forwarded"":""2026-06-11 13:13:00"",""Date/time signed"":""2026-06-15 06:39:17"",""Duration pending/signing time"":""3 days 17 hrs""},{""Name"":""Ernz"",""Order"":3,""Status"":""Active"",""Date/time forwarded"":""2026-06-15 06:39:17"",""Date/time signed"":"""",""Duration pending/signing time"":""""}]",,
61UY,VMP-MM-01-000-193E-3,Mosegor Vita Capsule (MVC),Process,n/a,Routing,Othy,,2026-05-26,Endorsement,2026MVC-4 and 2026MVC-5,NA,DPM,ADF & CML,2026-05-22,SBA,2026-05-22,,n/a,2026-05-22 0:00:00,6/8/2026 9:24:18,Unknown user,"[{""Name"":""Ernz"",""Order"":1,""Status"":""Signed"",""Date/time forwarded"":""2026-06-08 09:23:43"",""Date/time signed"":""2026-06-08 09:24:17"",""Duration pending/signing time"":""1 min""},{""Name"":""Othy"",""Order"":2,""Status"":""Active"",""Date/time forwarded"":""2026-06-08 09:24:17"",""Date/time signed"":"""",""Duration pending/signing time"":""""}]",,
7VBQ,VMP-MM-01-000-151E-5,Ciprofloxacin Hydrochloride 500 mg FC Tablet (CIRT),Process,n/a,Sent,Ernz,,2026-06-03,Verif. Endorsement Report,2026CIRT-3,NA,DPM,ADF & CML,2026-05-21,SBA,2026-05-21,,For implementation of endorsement,2026-05-22 0:00:00,6/3/2026 11:38:59,carlolidres@gmail.com,"[{""Name"":""Ernz"",""Order"":1,""Status"":""Active"",""Date/time forwarded"":""2026-06-03 08:25:33"",""Date/time signed"":"""",""Duration pending/signing time"":""""}]",,
L0UG,APR-2026-006,Glazide / Glubitor / Gliclazide 80 mg Tablet (GZD / GLU / GZI),APR,n/a,Completed,Timi,,2026-05-25,APR,,Sandoz Philippines Corp.,,FBP & LAL,2026-05-22,CML,2026-05-22,,n/a,2026-05-22 0:00:00,6/17/2026 8:54:11,Unknown user,[],,
69DN,VMP-MM-01-000-179P-5.1,Clopidogrel 75 mg Film-Coated Tablet (CLPD),Process,n/a,In EDMS,Angela,,2026-06-09,Ver. Protocol,,NA,DPM,ADF,2026-05-25,CML,2026-05-25,2026-05-29,n/a,2026-05-25 0:00:00,6/9/2026 14:41:36,Unknown user,"[{""Name"":""Ron"",""Order"":1,""Status"":""Signed"",""Date/time forwarded"":""2026-06-03 08:23:25"",""Date/time signed"":""2026-06-04 13:24:24"",""Duration pending/signing time"":""1 day 5 hrs""},{""Name"":""Fong"",""Order"":2,""Status"":""Signed"",""Date/time forwarded"":""2026-06-04 13:24:24"",""Date/time signed"":""2026-06-09 14:41:03"",""Duration pending/signing time"":""5 days 1 hr""},{""Name"":""Jon"",""Order"":3,""Status"":""Signed"",""Date/time forwarded"":""2026-06-09 14:41:03"",""Date/time signed"":""2026-06-09 14:41:14"",""Duration pending/signing time"":""0 mins""}]",6 days 6 hrs,2026-06-09 14:41:14
X3DS,VMP-MM-01-000-189P-4,PONSTAN SF 250 mg CAPSULE (PTNP),Process,,In EDMS,Isaiah,,2026-05-29,Val. Protocol,,Pfizer Inc.,DPP,ADF & CML,2026-05-26,CML,2026-05-26,2026-05-29,,2026-05-26,6/2/2026 7:00:58,Unknown user,,,
A37F,VMP-MM-01-000-189P-7,PONSTAN SF 500 mg CAPSULE (PNSC),Process,,In EDMS,Isaiah,,2026-05-28,Val. Protocol,,Pfizer Inc.,DPP,ADF & CML,2026-05-26,CML,2026-05-26,2026-05-29,,2026-05-26,5/29/2026 10:57:05,Unknown user,,,
OHYH,VMP-MM-02-000-103R-9,CETIRIZINE HYDROCHLORIDE 5mg/5mL SYRUP (AXLS),Process,,In EDMS,Isaiah,,2026-05-28,Ver. Report,2026AXLS-6,NA,LPP,ADF,2026-05-28,CML,2026-05-28,2026-05-29,URGENT,2026-05-28,6/2/2026 7:01:49,Unknown user,,,
C52I,VMP-MM-01-000-301I (1),ROSUVASTATIN 20 mg FILM-COATED TABLET (RSVT),Process,,In EDMS,Isaiah,,2026-05-29,Interim Report,2026RSVT-2,NA,DPM,ADF,2026-05-28,CML,2026-05-28,2026-05-28,URGENT,2026-05-28,5/29/2026 10:55:58,Unknown user,,,
X0BL,VMP-MM-01-000-195I-8,CETIRIZINE HCl 10mg FILM-COATED TABLET (CTZA),Process,,In EDMS,Isaiah,,2026-05-28,Interim Report,2026CTZA-7,Interphil Laboratories Inc.,DPM,ADF,2026-05-28,CML,2026-05-28,2026-05-29,,2026-05-28,6/2/2026 7:00:04,Unknown user,,,
VIEV,VMP-EQ-01-000-059R-3.1,ZANASI MATIC 60 ,Non-process,IL-0315,In EDMS,Isaiah,,2026-05-29,Report,,,DPM,RDM,2026-05-26,CML,2026-05-26,2026-06-04,for Filing,2026-05-28,5/29/2026 9:34:44,carlolidres@gmail.com,,,
J655,VMP-CS-06-004R.1,OPENLAB CDS (LC#27),Non-process,LC-27,In EDMS,Isaiah,,2026-05-28,VMP,,"Novartis Healthcare Phils., Inc.",QC Plant 1,RDM,2026-05-28,CML,2026-05-28,2026-05-28,,2026-05-28,5/29/2026 9:35:37,carlolidres@gmail.com,,,
XIX9,APR-2026-044,Lomotil 2mg Tablet,APR,n/a,In EDMS,Timi,,,APR,,"JNTL Consumer Health (Philippines), Inc.",,FBP & LAL,2026-05-28,CML,2026-05-29,,Care of Timi,5/28/2026 17:39:10,6/3/2026 8:32:27,Unknown user,"[{""Name"":""Fong"",""Order"":1,""Status"":""Active"",""Date/time forwarded"":""2026-06-03 08:31:00"",""Date/time signed"":"""",""Duration pending/signing time"":""""}]",,
513T,APR-2026-038,Imodium 2mg Capsule,APR,n/a,In EDMS,Timi,,,APR,,"JNTL Consumer Health (Philippines), Inc.",,LAL,2026-05-28,CML,2026-05-29,,Care of Timi,5/28/2026 17:40:19,6/3/2026 8:33:34,Unknown user,"[{""Name"":""Fong"",""Order"":1,""Status"":""Active"",""Date/time forwarded"":""2026-06-03 08:33:00"",""Date/time signed"":"""",""Duration pending/signing time"":""""}]",,
6YFQ,VMP-CM-00-000-035P,Equipment Train for Elica 1mg/g Ointment (EAO),Non-process,n/a,In EDMS,Anissa,,2026-06-02,Val. Protocol,,,CO,LAL,2026-06-01,,,,n/a,2026-06-01 0:00:00,6/9/2026 14:12:28,Unknown user,"[{""Name"":""Anissa"",""Order"":1,""Status"":""Active"",""Date/time forwarded"":""2026-06-09 14:12:00"",""Date/time signed"":"""",""Duration pending/signing time"":""""}]",,
krkG,VMP-MM-00-000-077P-5,Elica 1mg/g Ointment (EAO),Process,n/a,Routing,Fong,,,Val. Protocol,,"Bayer Philippines, Inc. – Pharma Division",CO,ADF & CML,2026-06-03,SBA,2026-06-03,,n/a,6/3/2026 7:56:09,6/15/2026 10:20:00,Unknown user,"[{""Name"":""Steve"",""Order"":1,""Status"":""Signed"",""Date/time forwarded"":""2026-06-03 07:56:09"",""Date/time signed"":""2026-06-04 08:32:01"",""Duration pending/signing time"":""1 day 36 mins""},{""Name"":""Cara"",""Order"":2,""Status"":""Signed"",""Date/time forwarded"":""2026-06-04 08:32:01"",""Date/time signed"":""2026-06-05 13:10:36"",""Duration pending/signing time"":""1 day 4 hrs""},{""Name"":""Anne"",""Order"":3,""Status"":""Signed"",""Date/time forwarded"":""2026-06-05 13:10:36"",""Date/time signed"":""2026-06-09 14:52:37"",""Duration pending/signing time"":""4 days 1 hr""},{""Name"":""Tin"",""Order"":4,""Status"":""Signed"",""Date/time forwarded"":""2026-06-09 14:52:37"",""Date/time signed"":""2026-06-09 14:52:47"",""Duration pending/signing time"":""0 mins""},{""Name"":""Nadia"",""Order"":5,""Status"":""Signed"",""Date/time forwarded"":""2026-06-09 14:52:47"",""Date/time signed"":""2026-06-09 14:52:59"",""Duration pending/signing time"":""0 mins""},{""Name"":""Othy"",""Order"":6,""Status"":""Signed"",""Date/time forwarded"":""2026-06-09 14:52:59"",""Date/time signed"":""2026-06-09 14:53:14"",""Duration pending/signing time"":""0 mins""},{""Name"":""Aiza"",""Order"":7,""Status"":""Signed"",""Date/time forwarded"":""2026-06-09 14:53:14"",""Date/time signed"":""2026-06-10 14:27:17"",""Duration pending/signing time"":""23 hrs 34 mins""},{""Name"":""Ron"",""Order"":8,""Status"":""Signed"",""Date/time forwarded"":""2026-06-10 14:27:17"",""Date/time signed"":""2026-06-15 10:19:47"",""Duration pending/signing time"":""4 days 19 hrs""},{""Name"":""Fong"",""Order"":9,""Status"":""Active"",""Date/time forwarded"":""2026-06-15 10:19:47"",""Date/time signed"":"""",""Duration pending/signing time"":""""},{""Name"":""Jon"",""Order"":10,""Status"":""Pending"",""Date/time forwarded"":"""",""Date/time signed"":"""",""Duration pending/signing time"":""""}]",,
Ct6u,VMP-MM-00-000-077P-4,ELICA 1MG/G OINTMENT (EAO),Process,n/a,In EDMS,Isaiah,,2026-06-18,Val. Protocol,,"Bayer Philippines, Inc. – Pharma Division",CO,ADF & CML,2026-06-03,SBA,2026-06-03,,n/a,6/3/2026 8:00:42,6/18/2026 13:38:28,Unknown user,"[{""Name"":""Steve"",""Order"":1,""Status"":""Signed"",""Date/time forwarded"":""2026-06-03 08:00:42"",""Date/time signed"":""2026-06-04 08:32:48"",""Duration pending/signing time"":""1 day 32 mins""},{""Name"":""Cara"",""Order"":2,""Status"":""Signed"",""Date/time forwarded"":""2026-06-04 08:32:48"",""Date/time signed"":""2026-06-05 13:11:03"",""Duration pending/signing time"":""1 day 4 hrs""},{""Name"":""Anne"",""Order"":3,""Status"":""Signed"",""Date/time forwarded"":""2026-06-05 13:11:03"",""Date/time signed"":""2026-06-09 13:11:42"",""Duration pending/signing time"":""4 days 1 min""},{""Name"":""Tin"",""Order"":4,""Status"":""Signed"",""Date/time forwarded"":""2026-06-09 13:11:42"",""Date/time signed"":""2026-06-09 13:11:54"",""Duration pending/signing time"":""0 mins""},{""Name"":""Nadia"",""Order"":5,""Status"":""Signed"",""Date/time forwarded"":""2026-06-09 13:11:54"",""Date/time signed"":""2026-06-09 13:12:04"",""Duration pending/signing time"":""0 mins""},{""Name"":""Othy"",""Order"":6,""Status"":""Signed"",""Date/time forwarded"":""2026-06-09 13:12:04"",""Date/time signed"":""2026-06-09 13:12:17"",""Duration pending/signing time"":""0 mins""},{""Name"":""Aiza"",""Order"":7,""Status"":""Signed"",""Date/time forwarded"":""2026-06-09 13:12:17"",""Date/time signed"":""2026-06-10 14:27:42"",""Duration pending/signing time"":""1 day 1 hr""},{""Name"":""Ron"",""Order"":8,""Status"":""Signed"",""Date/time forwarded"":""2026-06-10 14:27:42"",""Date/time signed"":""2026-06-15 10:20:38"",""Duration pending/signing time"":""4 days 19 hrs""},{""Name"":""Fong"",""Order"":9,""Status"":""Signed"",""Date/time forwarded"":""2026-06-15 10:20:38"",""Date/time signed"":""2026-06-18 13:36:11"",""Duration pending/signing time"":""3 days 3 hrs""},{""Name"":""Fong"",""Order"":10,""Status"":""Signed"",""Date/time forwarded"":""2026-06-18 13:36:11"",""Date/time signed"":""2026-06-18 13:37:46"",""Duration pending/signing time"":""2 mins""}]",15 days 5 hrs,2026-06-18 13:37:46
2sgt,VMP-MM-00-000-076P-5,ELICA 1MG/G CREAM (EAM),Process,n/a,In EDMS,Isaiah,,2026-06-18,Val. Protocol,,"Bayer Philippines, Inc. – Pharma Division",CO,ADF & CML,2026-06-03,SBA,2026-06-03,,n/a,6/3/2026 8:03:34,6/18/2026 13:07:48,Unknown user,"[{""Name"":""Steve"",""Order"":1,""Status"":""Signed"",""Date/time forwarded"":""2026-06-03 08:03:34"",""Date/time signed"":""2026-06-04 08:33:33"",""Duration pending/signing time"":""1 day 30 mins""},{""Name"":""Cara"",""Order"":2,""Status"":""Signed"",""Date/time forwarded"":""2026-06-04 08:33:33"",""Date/time signed"":""2026-06-05 13:11:29"",""Duration pending/signing time"":""1 day 4 hrs""},{""Name"":""Anne"",""Order"":3,""Status"":""Signed"",""Date/time forwarded"":""2026-06-05 13:11:29"",""Date/time signed"":""2026-06-09 13:10:00"",""Duration pending/signing time"":""3 days 23 hrs""},{""Name"":""Tin"",""Order"":4,""Status"":""Signed"",""Date/time forwarded"":""2026-06-09 13:10:00"",""Date/time signed"":""2026-06-09 13:10:17"",""Duration pending/signing time"":""0 mins""},{""Name"":""Nadia"",""Order"":5,""Status"":""Signed"",""Date/time forwarded"":""2026-06-09 13:10:17"",""Date/time signed"":""2026-06-09 13:10:29"",""Duration pending/signing time"":""0 mins""},{""Name"":""Othy"",""Order"":6,""Status"":""Signed"",""Date/time forwarded"":""2026-06-09 13:10:29"",""Date/time signed"":""2026-06-09 13:10:40"",""Duration pending/signing time"":""0 mins""},{""Name"":""Aiza"",""Order"":7,""Status"":""Signed"",""Date/time forwarded"":""2026-06-09 13:10:40"",""Date/time signed"":""2026-06-10 14:28:03"",""Duration pending/signing time"":""1 day 1 hr""},{""Name"":""Ron"",""Order"":8,""Status"":""Signed"",""Date/time forwarded"":""2026-06-10 14:28:03"",""Date/time signed"":""2026-06-15 10:21:08"",""Duration pending/signing time"":""4 days 19 hrs""},{""Name"":""Fong"",""Order"":9,""Status"":""Signed"",""Date/time forwarded"":""2026-06-15 10:21:08"",""Date/time signed"":""2026-06-18 13:06:52"",""Duration pending/signing time"":""3 days 2 hrs""},{""Name"":""Jon"",""Order"":10,""Status"":""Signed"",""Date/time forwarded"":""2026-06-18 13:06:52"",""Date/time signed"":""2026-06-18 13:07:02"",""Duration pending/signing time"":""0 mins""}]",15 days 5 hrs,2026-06-18 13:07:02
zEvB,VMP-MM-00-000-076P-6,ELICA 1MG/G CREAM (EAM),Process,n/a,In EDMS,Isaiah,,2026-06-18,Val. Protocol,,"Bayer Philippines, Inc. – Pharma Division",CO,ADF & CML,2026-06-03,SBA,2026-06-03,,n/a,6/3/2026 8:06:35,6/18/2026 12:58:15,Unknown user,"[{""Name"":""Steve"",""Order"":1,""Status"":""Signed"",""Date/time forwarded"":""2026-06-03 08:06:35"",""Date/time signed"":""2026-06-04 08:34:22"",""Duration pending/signing time"":""1 day 28 mins""},{""Name"":""Cara"",""Order"":2,""Status"":""Signed"",""Date/time forwarded"":""2026-06-04 08:34:22"",""Date/time signed"":""2026-06-05 13:11:53"",""Duration pending/signing time"":""1 day 4 hrs""},{""Name"":""Anne"",""Order"":3,""Status"":""Signed"",""Date/time forwarded"":""2026-06-05 13:11:53"",""Date/time signed"":""2026-06-09 13:08:11"",""Duration pending/signing time"":""3 days 23 hrs""},{""Name"":""Tin"",""Order"":4,""Status"":""Signed"",""Date/time forwarded"":""2026-06-09 13:08:11"",""Date/time signed"":""2026-06-09 13:08:31"",""Duration pending/signing time"":""0 mins""},{""Name"":""Nadia"",""Order"":5,""Status"":""Signed"",""Date/time forwarded"":""2026-06-09 13:08:31"",""Date/time signed"":""2026-06-09 13:08:47"",""Duration pending/signing time"":""0 mins""},{""Name"":""Othy"",""Order"":6,""Status"":""Signed"",""Date/time forwarded"":""2026-06-09 13:08:47"",""Date/time signed"":""2026-06-09 13:09:06"",""Duration pending/signing time"":""0 mins""},{""Name"":""Aiza"",""Order"":7,""Status"":""Signed"",""Date/time forwarded"":""2026-06-09 13:09:06"",""Date/time signed"":""2026-06-10 14:28:31"",""Duration pending/signing time"":""1 day 1 hr""},{""Name"":""Ron"",""Order"":8,""Status"":""Signed"",""Date/time forwarded"":""2026-06-10 14:28:31"",""Date/time signed"":""2026-06-15 10:21:33"",""Duration pending/signing time"":""4 days 19 hrs""},{""Name"":""Fong"",""Order"":9,""Status"":""Signed"",""Date/time forwarded"":""2026-06-15 10:21:33"",""Date/time signed"":""2026-06-18 12:57:33"",""Duration pending/signing time"":""3 days 2 hrs""},{""Name"":""Jon"",""Order"":10,""Status"":""Signed"",""Date/time forwarded"":""2026-06-18 12:57:33"",""Date/time signed"":""2026-06-18 12:57:43"",""Duration pending/signing time"":""0 mins""}]",15 days 4 hrs,2026-06-18 12:57:43
KIud,EV,Equipment Equivalency Assessment for FBD #1 and FBD #2,Non-process,IL-0181 & IL-0230,In EDMS,Riza,,,Report,,,DPM,RDM,2026-05-26,CML,2026-05-26,,n/a,6/3/2026 8:29:23,6/9/2026 14:19:43,Unknown user,"[{""Name"":""Ron"",""Order"":1,""Status"":""Signed"",""Date/time forwarded"":""2026-06-03 08:29:23"",""Date/time signed"":""2026-06-04 13:22:52"",""Duration pending/signing time"":""1 day 4 hrs""},{""Name"":""Fong"",""Order"":2,""Status"":""Active"",""Date/time forwarded"":""2026-06-04 13:22:52"",""Date/time signed"":"""",""Duration pending/signing time"":""""},{""Name"":""Jon"",""Order"":3,""Status"":""Pending"",""Date/time forwarded"":"""",""Date/time signed"":"""",""Duration pending/signing time"":""""}]",,
Mc6G,APR-2026-039,Isordil 5mg SL Tablet,APR,n/a,Returned to,Timi,,2026-06-04,,,Pfizer Inc.,,LAL,2026-06-03,CML,2026-06-03,2026-06-05,n/a,6/3/2026 13:21:06,6/5/2026 8:24:17,carlolidres@gmail.com,"[{""Name"":""Fong"",""Order"":1,""Status"":""Signed"",""Date/time forwarded"":""2026-06-03 13:21:06"",""Date/time signed"":""2026-06-05 07:57:02"",""Duration pending/signing time"":""1 day 18 hrs""}]",1 day 18 hrs,2026-06-05 7:57:02
l7d5,VMP-MM-00-000-046R-7,Trosyd 10mg/g 1% Cream (TROC),Process,n/a,In EDMS,Isaiah,,,Ver. Report,2026TROC-1,J&J International (Singapore) Pte. Ltd.,CO,ADF & CML,2026-04-20,,,,n/a,6/3/2026 14:44:39,6/3/2026 14:44:39,Unknown user,[],,
gcRT,VMP-MM-01-000-195R-8,Cetirizine HCl 10 mg Film-Coated Tablet (CTZA),Process,n/a,In EDMS,Isaiah,,2026-06-05,Ver. Report,2026CTZA-7,Interphil Laboratories Inc.,DPM,ADF,2026-06-05,CML,2026-06-05,2026-06-30,n/a,6/5/2026 7:22:28,6/10/2026 13:45:45,carlolidres@gmail.com,"[{""Name"":""Steve"",""Order"":1,""Status"":""Signed"",""Date/time forwarded"":""2026-06-05 07:22:28"",""Date/time signed"":""2026-06-08 09:15:24"",""Duration pending/signing time"":""3 days 1 hr""},{""Name"":""Nadia"",""Order"":2,""Status"":""Signed"",""Date/time forwarded"":""2026-06-08 09:15:24"",""Date/time signed"":""2026-06-08 15:42:37"",""Duration pending/signing time"":""6 hrs 27 mins""},{""Name"":""Kitel"",""Order"":3,""Status"":""Signed"",""Date/time forwarded"":""2026-06-08 15:42:37"",""Date/time signed"":""2026-06-10 13:34:11"",""Duration pending/signing time"":""1 day 21 hrs""},{""Name"":""Ron"",""Order"":4,""Status"":""Active"",""Date/time forwarded"":""2026-06-10 13:34:11"",""Date/time signed"":"""",""Duration pending/signing time"":""""},{""Name"":""Fong"",""Order"":5,""Status"":""Pending"",""Date/time forwarded"":"""",""Date/time signed"":"""",""Duration pending/signing time"":""""},{""Name"":""Jon"",""Order"":6,""Status"":""Pending"",""Date/time forwarded"":"""",""Date/time signed"":"""",""Duration pending/signing time"":""""}]",,
940W,VMP-MM-00-000-076P-4.1,Elica Cream 1 mg/g (EAM),Process,n/a,In EDMS,Isaiah,,2026-06-09,,,,,ADF & CML,2026-06-04,SBA,2026-06-05,2026-06-08,For filing c/o Isaiah,6/5/2026 7:44:00,6/10/2026 7:30:53,carlolidres@gmail.com,"[{""Name"":""Steve"",""Order"":1,""Status"":""Signed"",""Date/time forwarded"":""2026-06-05 07:44:00"",""Date/time signed"":""2026-06-05 08:26:24"",""Duration pending/signing time"":""42 mins""},{""Name"":""Anne"",""Order"":2,""Status"":""Signed"",""Date/time forwarded"":""2026-06-05 08:26:24"",""Date/time signed"":""2026-06-09 13:06:37"",""Duration pending/signing time"":""4 days 4 hrs""},{""Name"":""Nadia"",""Order"":3,""Status"":""Signed"",""Date/time forwarded"":""2026-06-09 13:06:37"",""Date/time signed"":""2026-06-09 13:06:53"",""Duration pending/signing time"":""0 mins""},{""Name"":""Othy"",""Order"":4,""Status"":""Signed"",""Date/time forwarded"":""2026-06-09 13:06:53"",""Date/time signed"":""2026-06-09 13:07:09"",""Duration pending/signing time"":""0 mins""},{""Name"":""Fong"",""Order"":5,""Status"":""Signed"",""Date/time forwarded"":""2026-06-09 13:07:09"",""Date/time signed"":""2026-06-09 14:09:10"",""Duration pending/signing time"":""1 hr 2 mins""},{""Name"":""Jon"",""Order"":6,""Status"":""Signed"",""Date/time forwarded"":""2026-06-09 14:09:10"",""Date/time signed"":""2026-06-09 14:09:32"",""Duration pending/signing time"":""0 mins""}]",4 days 6 hrs,2026-06-09 14:09:32
Vw9p,VMP-MM-03-000-023P-8,Cefuroxime Axetil 500mg Film-Coated Tablet (TGN),Process,n/a,Routing,Cara,,2026-06-08,Ver. Protocol,,Interphil Laboratories Inc.,Cepha,ADF & CML,2026-06-08,SBA,2026-06-08,2026-06-30,n/a,6/8/2026 7:28:19,6/8/2026 9:15:59,Unknown user,"[{""Name"":""Steve"",""Order"":1,""Status"":""Signed"",""Date/time forwarded"":""2026-06-08 07:28:19"",""Date/time signed"":""2026-06-08 09:15:59"",""Duration pending/signing time"":""1 hr 48 mins""},{""Name"":""Cara"",""Order"":2,""Status"":""Active"",""Date/time forwarded"":""2026-06-08 09:15:59"",""Date/time signed"":"""",""Duration pending/signing time"":""""},{""Name"":""Anne"",""Order"":3,""Status"":""Pending"",""Date/time forwarded"":"""",""Date/time signed"":"""",""Duration pending/signing time"":""""},{""Name"":""Tin"",""Order"":4,""Status"":""Pending"",""Date/time forwarded"":"""",""Date/time signed"":"""",""Duration pending/signing time"":""""},{""Name"":""Nadia"",""Order"":5,""Status"":""Pending"",""Date/time forwarded"":"""",""Date/time signed"":"""",""Duration pending/signing time"":""""},{""Name"":""Othy"",""Order"":6,""Status"":""Pending"",""Date/time forwarded"":"""",""Date/time signed"":"""",""Duration pending/signing time"":""""},{""Name"":""Kitel"",""Order"":7,""Status"":""Pending"",""Date/time forwarded"":"""",""Date/time signed"":"""",""Duration pending/signing time"":""""},{""Name"":""Ron"",""Order"":8,""Status"":""Pending"",""Date/time forwarded"":"""",""Date/time signed"":"""",""Duration pending/signing time"":""""},{""Name"":""Fong"",""Order"":9,""Status"":""Pending"",""Date/time forwarded"":"""",""Date/time signed"":"""",""Duration pending/signing time"":""""},{""Name"":""Jon"",""Order"":10,""Status"":""Pending"",""Date/time forwarded"":"""",""Date/time signed"":"""",""Duration pending/signing time"":""""}]",,
KKNA,ER-FA-04-019-002/26,RETENTION ROOM THERMAL MAPPING,Non-process,n/a,Completed,,,2026-06-08,Report,N/A,NA,QA,RDM,2026-06-08,CML,2026-06-08,2026-06-12,n/a,6/8/2026 8:01:14,6/15/2026 7:11:17,Unknown user,"[{""Name"":""Steve"",""Order"":1,""Status"":""Signed"",""Date/time forwarded"":""2026-06-08 15:19:00"",""Date/time signed"":""2026-06-08 16:19:39"",""Duration pending/signing time"":""1 hr 1 min""},{""Name"":""Fong"",""Order"":2,""Status"":""Signed"",""Date/time forwarded"":""2026-06-08 16:19:39"",""Date/time signed"":""2026-06-15 07:11:16"",""Duration pending/signing time"":""6 days 14 hrs""}]",6 days 15 hrs,2026-06-15 7:11:16
Z5gT,ER-FA-04-019-003/26,STAB ROOM 30°C 75%RH THERMAL MAPPING,Non-process,N/A,Routing,Anne,,2026-06-08,Report,N/A,NA,QC Plant 1,RDM,2026-06-08,CML,2026-06-08,2026-06-12,n/a,6/8/2026 15:18:41,6/15/2026 7:20:00,Unknown user,"[{""Name"":""Steve"",""Order"":1,""Status"":""Signed"",""Date/time forwarded"":""2026-06-08 15:20:00"",""Date/time signed"":""2026-06-08 16:20:30"",""Duration pending/signing time"":""1 hr 1 min""},{""Name"":""Fong"",""Order"":2,""Status"":""Signed"",""Date/time forwarded"":""2026-06-08 16:27:00"",""Date/time signed"":""2026-06-15 07:14:34"",""Duration pending/signing time"":""6 days 14 hrs""},{""Name"":""Anne"",""Order"":3,""Status"":""Active"",""Date/time forwarded"":""2026-06-15 07:17:00"",""Date/time signed"":"""",""Duration pending/signing time"":""""}]",,
VbH0,APR-2026-025,Rimactazid 450mg / 400mg FC Tablet (RTZ),APR,n/a,Returned to,Timi,,,APR,,Sandoz Philippines Corp.,,LAL,2026-06-10,CML,2026-06-10,,n/a,6/10/2026 7:18:56,6/10/2026 9:57:42,Unknown user,"[{""Name"":""Fong"",""Order"":1,""Status"":""Active"",""Date/time forwarded"":""2026-06-10 07:18:56"",""Date/time signed"":"""",""Duration pending/signing time"":""""}]",,
tRMC,APR-2026-026,Rimactazid 300mg / 150mg SC Tablet (RMTZ),APR,n/a,Returned to,Timi,,,APR,,Sandoz Philippines Corp.,,LAL,2026-06-10,CML,2026-06-10,,n/a,6/10/2026 7:20:39,6/10/2026 9:59:05,Unknown user,"[{""Name"":""Fong"",""Order"":1,""Status"":""Active"",""Date/time forwarded"":""2026-06-10 07:20:39"",""Date/time signed"":"""",""Duration pending/signing time"":""""}]",,
MVZ2,VMP-CM-01-000-043R-1,Equipment Train for Methycobal 500mcg Tablet (MCB),Non-process,n/a,Routing,Kitel,,,Report,,NA,DPM,LAL,2026-06-10,SBA,2026-06-10,,n/a,6/10/2026 7:27:50,6/15/2026 10:19:00,Unknown user,"[{""Name"":""Steve"",""Order"":1,""Status"":""Signed"",""Date/time forwarded"":""2026-06-10 07:27:50"",""Date/time signed"":""2026-06-10 16:09:54"",""Duration pending/signing time"":""8 hrs 42 mins""},{""Name"":""Nadia"",""Order"":2,""Status"":""Signed"",""Date/time forwarded"":""2026-06-11 13:17:00"",""Date/time signed"":""2026-06-15 10:18:59"",""Duration pending/signing time"":""3 days 21 hrs""},{""Name"":""Kitel"",""Order"":3,""Status"":""Active"",""Date/time forwarded"":""2026-06-15 10:18:59"",""Date/time signed"":"""",""Duration pending/signing time"":""""}]",,
p24C,VMP-MM-15-000-001P,Continue Process Verification For Pfizer Products,Process,n/a,Sent,Client,,2026-06-16,,,Pfizer Inc.,DPM,CML,2026-06-10,SBA,2026-06-10,,"for client approval, sent to Abhilash c/o Carl 16June2026",6/10/2026 16:55:28,6/16/2026 15:28:37,carlolidres@gmail.com,"[{""Name"":""Steve"",""Order"":1,""Status"":""Signed"",""Date/time forwarded"":""2026-06-11 06:45:00"",""Date/time signed"":""2026-06-11 08:25:15"",""Duration pending/signing time"":""1 hr 40 mins""},{""Name"":""Othy"",""Order"":2,""Status"":""Signed"",""Date/time forwarded"":""2026-06-11 08:25:15"",""Date/time signed"":""2026-06-15 07:59:09"",""Duration pending/signing time"":""3 days 23 hrs""},{""Name"":""Fong"",""Order"":3,""Status"":""Signed"",""Date/time forwarded"":""2026-06-15 07:59:09"",""Date/time signed"":""2026-06-16 15:16:34"",""Duration pending/signing time"":""1 day 7 hrs""},{""Name"":""Jon"",""Order"":4,""Status"":""Signed"",""Date/time forwarded"":""2026-06-16 15:16:34"",""Date/time signed"":""2026-06-16 15:16:47"",""Duration pending/signing time"":""0 mins""}]",5 days 8 hrs,2026-06-16 15:16:47
3Ia7,APR-2026-050,TRES (RMZD450+ETHAN1000) Tablet,APR,NA,Routing,Fong,,2026-06-18,Others,,Sandoz Philippines Corp.,,FBP & LAL,2026-06-18,CML,2026-06-18,,n/a,6/10/2026 16:59:01,6/18/2026 13:23:44,Unknown user,"[{""Name"":""Fong"",""Order"":1,""Status"":""Active"",""Date/time forwarded"":""2026-06-18 13:23:43"",""Date/time signed"":"""",""Duration pending/signing time"":""""}]",,
DjSG,APR-2025-105,ADVIL CHILDREN PAIN & FEVER RELIEF,APR,n/a,Sent,Timi,,2026-06-10,APR,,Haleon,,FBP & LAL,2026-06-10,CML,2026-06-10,,c/o Ma'am Timi,6/10/2026 17:00:52,6/11/2026 13:19:51,Unknown user,"[{""Name"":""Fong"",""Order"":1,""Status"":""Active"",""Date/time forwarded"":""2026-06-11 07:30:18"",""Date/time signed"":"""",""Duration pending/signing time"":""""}]",,
i6Am,ER-SYS-04-018-021/26,STOCK REAGENT ROOM THERMAL MAPPING,Non-process,N/A,Completed,Riza,,2026-06-15,Report,,NA,QC Plant 1,RDM,2026-06-15,CML,2026-06-15,,n/a,6/15/2026 7:39:16,6/17/2026 8:52:36,Unknown user,"[{""Name"":""Riza"",""Order"":1,""Status"":""Active"",""Date/time forwarded"":""2026-06-17 08:52:00"",""Date/time signed"":"""",""Duration pending/signing time"":""""}]",,
LUBW,VMP-MM-02-000-117R-11,ROBITUSSIN DM 15MG /100MG per 5ML SYRUP (RDMS),Process,n/a,Sent,Client,,2026-06-17,Ver. Report,2026RDMS-18 ,Haleon,LPM,ADF,2026-06-15,CML,2026-06-15,2026-06-30,"For client's signature, sent to client c/o Carl 17June2026",6/15/2026 7:57:08,6/17/2026 17:13:59,carlolidres@gmail.com,"[{""Name"":""Steve"",""Order"":1,""Status"":""Signed"",""Date/time forwarded"":""2026-06-15 07:57:08"",""Date/time signed"":""2026-06-15 08:45:07"",""Duration pending/signing time"":""48 mins""},{""Name"":""Nadia"",""Order"":2,""Status"":""Signed"",""Date/time forwarded"":""2026-06-15 08:45:07"",""Date/time signed"":""2026-06-15 14:02:22"",""Duration pending/signing time"":""5 hrs 17 mins""},{""Name"":""Aiza"",""Order"":3,""Status"":""Signed"",""Date/time forwarded"":""2026-06-15 14:02:22"",""Date/time signed"":""2026-06-16 17:40:18"",""Duration pending/signing time"":""1 day 3 hrs""},{""Name"":""Ron"",""Order"":4,""Status"":""Signed"",""Date/time forwarded"":""2026-06-16 17:40:18"",""Date/time signed"":""2026-06-17 08:02:39"",""Duration pending/signing time"":""14 hrs 22 mins""},{""Name"":""Fong"",""Order"":5,""Status"":""Signed"",""Date/time forwarded"":""2026-06-17 08:02:39"",""Date/time signed"":""2026-06-17 10:05:13"",""Duration pending/signing time"":""2 hrs 3 mins""},{""Name"":""Jon"",""Order"":6,""Status"":""Signed"",""Date/time forwarded"":""2026-06-17 10:05:13"",""Date/time signed"":""2026-06-17 10:05:26"",""Duration pending/signing time"":""0 mins""}]",2 days 2 hrs,2026-06-17 10:05:26
ACdV,VMP-EQ-01-000-146R-1,GKF 800 Encapsulating Machine,Non-process,IL-0029,Routing,Marvin,,2026-06-15,Report,N/A,NA,DPM,RDM,2026-06-15,CML,2026-06-15,2026-06-17,n/a,6/15/2026 9:51:20,6/17/2026 8:50:19,Unknown user,"[{""Name"":""Steve"",""Order"":1,""Status"":""Signed"",""Date/time forwarded"":""2026-06-15 09:51:20"",""Date/time signed"":""2026-06-17 08:27:31"",""Duration pending/signing time"":""1 day 22 hrs""},{""Name"":""Kitel"",""Order"":2,""Status"":""Signed"",""Date/time forwarded"":""2026-06-17 08:27:31"",""Date/time signed"":""2026-06-17 08:50:03"",""Duration pending/signing time"":""23 mins""},{""Name"":""Marvin"",""Order"":3,""Status"":""Active"",""Date/time forwarded"":""2026-06-17 08:50:03"",""Date/time signed"":"""",""Duration pending/signing time"":""""},{""Name"":""Ron"",""Order"":4,""Status"":""Pending"",""Date/time forwarded"":"""",""Date/time signed"":"""",""Duration pending/signing time"":""""},{""Name"":""Fong"",""Order"":5,""Status"":""Pending"",""Date/time forwarded"":"""",""Date/time signed"":"""",""Duration pending/signing time"":""""},{""Name"":""Jon"",""Order"":6,""Status"":""Pending"",""Date/time forwarded"":"""",""Date/time signed"":"""",""Duration pending/signing time"":""""}]",,
YZ3i,VMP-MM-02-000-075E-12,Clusivol Syrup (CSY),Process,NA,Routing,Fong,,2026-06-16,Verif. Endorsement Report,,,LPP,ADF & CML,2026-06-16,,,,n/a,6/16/2026 8:44:46,6/17/2026 8:31:19,Unknown user,"[{""Name"":""Steve"",""Order"":1,""Status"":""Signed"",""Date/time forwarded"":""2026-06-16 08:45:44"",""Date/time signed"":""2026-06-17 08:31:19"",""Duration pending/signing time"":""23 hrs 46 mins""},{""Name"":""Fong"",""Order"":2,""Status"":""Active"",""Date/time forwarded"":""2026-06-17 08:31:19"",""Date/time signed"":"""",""Duration pending/signing time"":""""}]",,
ReeF,VMP-CS-000-002P-4,Windows Laboratory Information Management System (WINLIMS),Non-process,NA,Routing,Nadia,,2026-06-16,Val. Protocol,,,QC Plant 1,CML,2026-06-16,,,,n/a,6/16/2026 8:50:34,6/17/2026 8:22:08,Unknown user,"[{""Name"":""Steve"",""Order"":1,""Status"":""Signed"",""Date/time forwarded"":""2026-06-16 08:51:35"",""Date/time signed"":""2026-06-17 08:22:08"",""Duration pending/signing time"":""23 hrs 31 mins""},{""Name"":""Nadia"",""Order"":2,""Status"":""Active"",""Date/time forwarded"":""2026-06-17 08:22:08"",""Date/time signed"":"""",""Duration pending/signing time"":""""}]",,
aKUz,VMP-MM-07-000-002R-1,Lab Solutions DB (CBM-20A) Version 6.43 (Shimadzu 10ATVP),Non-process,n/a,Routing,Nadia,,,Report,,,QC Plant 1,RDM,2026-06-15,CML,2026-06-16,,n/a,6/16/2026 9:56:15,6/17/2026 8:26:23,Unknown user,"[{""Name"":""Nadia"",""Order"":1,""Status"":""Active"",""Date/time forwarded"":""2026-06-16 09:56:15"",""Date/time signed"":"""",""Duration pending/signing time"":""""},{""Name"":""Bong"",""Order"":2,""Status"":""Pending"",""Date/time forwarded"":"""",""Date/time signed"":"""",""Duration pending/signing time"":""""}]",,
ZaDt,VMP-MM-CS-06-000-004R-1,OpenLab Chromatography Data Systems (CDS) Version C.01.07,Non-process,n/a,Routing,Nadia,,,Report,,,QC Plant 1,RDM,2026-06-15,CML,2026-06-16,,n/a,6/16/2026 14:19:18,6/17/2026 8:25:01,Unknown user,"[{""Name"":""Nadia"",""Order"":1,""Status"":""Active"",""Date/time forwarded"":""2026-06-16 14:19:18"",""Date/time signed"":"""",""Duration pending/signing time"":""""},{""Name"":""Bong"",""Order"":2,""Status"":""Pending"",""Date/time forwarded"":"""",""Date/time signed"":"""",""Duration pending/signing time"":""""}]",,
YL81,VMP-CM-01-000-052R-1,Equipment Train For Isordil Sublingual 5mg Tablet (ILS5),Others,NA,Routing,Nadia,,2026-06-17,Val. Report,NA,NA,DPM,LAL,2026-06-17,,2026-06-17,,n/a,6/17/2026 7:31:13,6/17/2026 8:28:22,Unknown user,"[{""Name"":""Steve"",""Order"":1,""Status"":""Signed"",""Date/time forwarded"":""2026-06-17 07:31:13"",""Date/time signed"":""2026-06-17 08:28:22"",""Duration pending/signing time"":""57 mins""},{""Name"":""Nadia"",""Order"":2,""Status"":""Active"",""Date/time forwarded"":""2026-06-17 08:28:22"",""Date/time signed"":"""",""Duration pending/signing time"":""""}]",,
Lu1K,VMP-MM-02-000-110R-23,BACTIDOL 0.1% SOLUTION (BACS),Process,n/a,Routing,Aiza,,2026-06-18,Ver. Report,2026BACS-19,"JNTL Consumer Health (Philippines), Inc.",LPP,ADF,2026-06-18,CML,2026-06-18,2026-06-30,n/a,6/18/2026 8:52:04,6/18/2026 14:21:14,Unknown user,"[{""Name"":""Steve"",""Order"":1,""Status"":""Signed"",""Date/time forwarded"":""2026-06-18 08:52:04"",""Date/time signed"":""2026-06-18 09:04:32"",""Duration pending/signing time"":""12 mins""},{""Name"":""Nadia"",""Order"":2,""Status"":""Signed"",""Date/time forwarded"":""2026-06-18 09:04:32"",""Date/time signed"":""2026-06-18 14:15:59"",""Duration pending/signing time"":""5 hrs 11 mins""},{""Name"":""Aiza"",""Order"":3,""Status"":""Active"",""Date/time forwarded"":""2026-06-18 14:15:59"",""Date/time signed"":"""",""Duration pending/signing time"":""""},{""Name"":""Ron"",""Order"":4,""Status"":""Pending"",""Date/time forwarded"":"""",""Date/time signed"":"""",""Duration pending/signing time"":""""},{""Name"":""Fong"",""Order"":5,""Status"":""Pending"",""Date/time forwarded"":"""",""Date/time signed"":"""",""Duration pending/signing time"":""""},{""Name"":""Jon"",""Order"":6,""Status"":""Pending"",""Date/time forwarded"":"""",""Date/time signed"":"""",""Duration pending/signing time"":""""}]",,
qKIG,VMP-MM-02-000-110R-24,BACTIDOL 0.1% SOLUTION (BACS),Process,n/a,Routing,Aiza,,2026-06-18,Ver. Report,2026BACS-20,"JNTL Consumer Health (Philippines), Inc.",LPP,ADF,2026-06-18,CML,2026-06-18,2026-06-30,n/a,6/18/2026 8:54:28,6/18/2026 14:21:55,Unknown user,"[{""Name"":""Steve"",""Order"":1,""Status"":""Signed"",""Date/time forwarded"":""2026-06-18 08:55:00"",""Date/time signed"":""2026-06-18 09:05:03"",""Duration pending/signing time"":""10 mins""},{""Name"":""Nadia"",""Order"":2,""Status"":""Signed"",""Date/time forwarded"":""2026-06-18 09:05:03"",""Date/time signed"":""2026-06-18 14:21:39"",""Duration pending/signing time"":""5 hrs 17 mins""},{""Name"":""Aiza"",""Order"":3,""Status"":""Active"",""Date/time forwarded"":""2026-06-18 14:21:39"",""Date/time signed"":"""",""Duration pending/signing time"":""""},{""Name"":""Ron"",""Order"":4,""Status"":""Pending"",""Date/time forwarded"":"""",""Date/time signed"":"""",""Duration pending/signing time"":""""},{""Name"":""Fong"",""Order"":5,""Status"":""Pending"",""Date/time forwarded"":"""",""Date/time signed"":"""",""Duration pending/signing time"":""""},{""Name"":""Jon"",""Order"":6,""Status"":""Pending"",""Date/time forwarded"":"""",""Date/time signed"":"""",""Duration pending/signing time"":""""}]",,
23i3,VMP-CS-01-000-007R(17)/26,Backup and Restore Verification of Openlab CDS Version C.01.07 (LC 29),Non-process,n/a,Routing,Carl,,2026-06-18,Ver. Report,,,QC Plant 1,NIV,2026-06-18,CML,2026-06-18,,n/a,6/18/2026 11:02:57,6/18/2026 11:02:57,Unknown user,"[{""Name"":""Carl"",""Order"":1,""Status"":""Active"",""Date/time forwarded"":""2026-06-18 11:02:56"",""Date/time signed"":"""",""Duration pending/signing time"":""""}]",,
Xr9g,VMP-CS-04-000-007R(1)/26,Backup and Restore Verification of HPLC Shimadzu (LC 40),Non-process,n/a,Routing,Carl,,2026-06-18,Ver. Report,,,QC Plant 1,RDM,2025-08-18,,,,n/a,6/18/2026 13:18:43,6/18/2026 13:18:43,Unknown user,"[{""Name"":""Carl"",""Order"":1,""Status"":""Active"",""Date/time forwarded"":""2026-06-18 13:18:43"",""Date/time signed"":"""",""Duration pending/signing time"":""""}]",,